timestamp,mill_power_kwh_ton,mill_throughput_tph,separator_speed_rpm,mill_vibration_mm_s,limestone_feeder_pct,clay_feeder_pct,iron_ore_feeder_pct,lsf_lab,sm_lab,am_lab
2025-08-01 00:00:00,22.74,240.24,1202,4.31,78.0,17.5,2.58,95.11,2.22,1.6
2025-08-01 00:05:00,22.88,240.4,1242,4.41,78.02,17.48,2.61,95.73,2.22,1.6
2025-08-01 00:10:00,23.01,239.11,1203,4.31,78.04,17.47,2.5,95.17,2.22,1.61
2025-08-01 00:15:00,22.42,244.64,1251,4.49,78.05,17.45,2.45,95.34,2.22,1.62
2025-08-01 00:20:00,22.75,243.64,1200,4.14,78.07,17.44,2.54,95.42,2.22,1.61
2025-08-01 00:25:00,23.32,230.17,1111,4.39,78.09,17.42,2.06,95.39,2.2,1.63
2025-08-01 00:30:00,22.69,243.79,1228,4.41,78.11,17.41,2.11,95.48,2.2,1.63
2025-08-01 00:35:00,22.99,239.52,1184,4.29,78.13,17.39,2.47,95.84,2.22,1.61
2025-08-01 00:40:00,22.84,239.81,1201,4.42,78.15,17.38,2.23,95.95,2.21,1.62
2025-08-01 00:45:00,22.78,240.24,1216,4.38,78.17,17.36,2.13,95.66,2.2,1.63
2025-08-01 00:50:00,23.23,234.33,1145,4.29,78.19,17.35,2.22,95.35,2.21,1.62
2025-08-01 00:55:00,22.39,243.68,1238,4.3,78.21,17.33,2.29,95.83,2.21,1.62
2025-08-01 01:00:00,23.41,235.13,1198,4.5,78.23,17.32,2.08,95.48,2.2,1.63
2025-08-01 01:05:00,22.95,240.59,1205,4.4,78.25,17.3,2.4,96.03,2.22,1.61
2025-08-01 01:10:00,23.1,237.95,1199,4.23,78.27,17.29,2.1,95.87,2.2,1.63
2c2025-08-01 01:15:00,22.51,245.91,1229,4.25,78.29,17.27,2.38,96.04,2.21,1.61
2025-08-01 01:20:00,23.01,242.06,1218,4.31,78.32,17.26,2.14,95.87,2.2,1.63
2025-08-01 01:25:00,22.56,245.39,1269,4.45,78.34,17.24,2.22,95.96,2.21,1.62
2025-08-01 01:30:00,23.17,239.55,1197,4.54,78.36,17.23,2.3,96.1,2.21,1.61
2025-08-01 01:35:00,22.75,246.33,1218,4.34,78.38,17.21,2.37,96.44,2.21,1.61
2025-08-01 01:40:00,23.01,240.38,1189,4.35,78.4,17.2,2.19,96.18,2.21,1.62
2025-08-01 01:45:00,23.43,235.48,1188,4.57,78.43,17.18,2.11,96.02,2.2,1.63
2025-08-01 01:50:00,22.99,240.13,1168,4.34,78.45,17.17,2.39,96.14,2.21,1.61
2025-08-01 01:55:00,23.1,238.13,1211,4.56,78.47,17.15,2.14,95.96,2.2,1.63
2025-08-01 02:00:00,23.4,233.72,1188,4.45,78.49,17.14,2.3,96.53,2.21,1.61
2025-08-01 02:05:00,23.17,236.43,1189,4.53,78.52,17.12,2.3,96.2,2.21,1.61
2025-08-01 02:10:00,23.51,234.34,1172,4.64,78.54,17.11,2.23,96.34,2.21,1.62
2025-08-01 02:15:00,23.3,236.4,1223,4.46,78.56,17.09,2.34,96.38,2.21,1.61
2025-08-01 02:20:00,23.16,236.87,1175,4.62,78.59,17.08,2.1,96.17,2.2,1.63
2025-08-01 02:25:00,23.51,233.19,1180,4.66,78.61,17.06,2.29,96.27,2.21,1.61
2025-08-01 02:30:00,23.46,234.37,1172,4.6,78.63,17.05,2.09,96.53,2.2,1.63
2025-08-01 02:35:00,23.33,234.22,1143,4.72,78.66,17.03,2.05,96.79,2.2,1.63
2025-08-01 02:40:00,23.35,237.98,1222,4.61,78.68,17.02,2.19,96.88,2.21,1.62
2025-08-01 02:45:00,23.33,237.4,1175,4.44,78.7,17.0,2.11,96.81,2.2,1.63
2025-08-01 02:50:00,23.63,232.89,1166,4.67,78.73,16.99,2.23,96.8,2.21,1.62
2025-08-01 02:55:00,23.71,230.1,1148,4.75,78.75,16.97,2.3,96.73,2.21,1.61
2025-08-01 03:00:00,23.33,235.33,1151,4.72,78.78,16.96,2.02,97.02,2.2,1.63
2025-08-01 03:05:00,23.65,232.39,1162,4.69,78.8,16.94,2.25,97.04,2.21,1.62
2025-08-01 03:10:00,23.49,233.51,1154,4.52,78.82,16.93,2.28,97.12,2.21,1.61
2025-08-01 03:15:00,23.82,230.29,1167,4.8,78.85,16.91,2.26,96.89,2.21,1.62
2025-08-01 03:20:00,23.75,229.42,1121,4.79,78.87,16.9,2.17,97.18,2.2,1.62
2025-08-01 03:25:00,23.7,233.45,1199,4.76,78.9,16.88,2.33,97.4,2.21,1.61
2025-08-01 03:30:00,24.18,225.54,1099,4.98,78.92,16.87,2.19,97.09,2.21,1.62
2025-08-01 03:35:00,23.79,228.61,1118,4.83,78.94,16.85,2.16,97.35,2.2,1.62
2025-08-01 03:40:00,24.0,227.1,1114,4.91,78.97,16.84,2.17,97.45,2.2,1.62
2025-08-01 03:45:00,23.97,227.87,1126,4.86,78.99,16.82,2.32,97.55,2.21,1.61
2025-08-01 03:50:00,23.94,228.46,1134,4.91,79.02,16.81,2.18,97.49,2.21,1.62
2025-08-01 03:55:00,23.63,234.19,1176,4.64,79.04,16.79,2.29,97.6,2.21,1.61
2025-08-01 04:00:00,24.2,223.16,1082,5.08,79.06,16.78,2.11,97.71,2.2,1.63
2025-08-01 04:05:00,23.97,227.35,1125,4.92,79.09,16.76,2.26,97.87,2.21,1.61
2025-08-01 04:10:00,24.23,224.22,1113,4.99,79.11,16.75,2.05,97.7,2.2,1.63
2025-08-01 04:15:00,24.16,225.0,1117,5.01,79.14,16.73,2.23,97.73,2.21,1.62
2025-08-01 04:20:00,23.98,227.18,1113,4.87,79.16,16.72,2.25,97.85,2.21,1.61
2025-08-01 04:25:00,24.26,223.77,1093,5.08,79.18,16.7,2.14,97.94,2.2,1.62
2025-08-01 04:30:00,24.3,223.83,1102,4.98,79.21,16.69,2.17,98.05,2.2,1.62
2025-08-01 04:35:00,24.19,223.78,1071,5.02,79.23,16.67,2.06,98.11,2.2,1.63
2025-08-01 04:40:00,24.38,221.78,1087,5.16,79.26,16.66,2.23,98.0,2.21,1.62
2025-08-01 04:45:00,24.38,222.45,1097,5.1,79.28,16.64,2.14,98.18,2.2,1.62
2025-08-01 04:50:00,24.52,221.36,1087,5.14,79.3,16.63,2.09,98.37,2.2,1.63
2025-08-01 04:55:00,24.4,221.61,1084,5.16,79.33,16.61,2.16,98.54,2.2,1.62
2025-08-01 05:00:00,24.62,217.44,1035,5.2,79.35,16.6,2.11,98.67,2.2,1.63
2025-08-01 05:05:00,24.25,223.47,1088,5.1,79.38,16.58,2.1,98.57,2.2,1.63
2025-08-01 05:10:00,24.46,221.03,1084,5.14,79.4,16.57,2.25,98.59,2.21,1.61
2025-08-01 05:15:00,24.41,221.1,1087,5.12,79.42,16.55,2.11,98.67,2.2,1.63
2025-08-01 05:20:00,24.56,219.01,1065,5.22,79.45,16.54,2.21,98.88,2.21,1.62
2025-08-01 05:25:00,24.71,217.02,1051,5.32,79.47,16.52,2.05,98.81,2.2,1.63
2025-08-01 05:30:00,24.77,215.1,1016,5.34,79.5,16.51,2.11,98.99,2.2,1.63
2025-08-01 05:35:00,24.81,214.37,1022,5.39,79.52,16.49,2.03,99.27,2.2,1.63
2025-08-01 05:40:00,24.67,217.42,1051,5.28,79.54,16.48,2.22,99.03,2.21,1.62
2025-08-01 05:45:00,24.74,215.75,1033,5.4,79.57,16.46,2.15,99.2,2.2,1.62
2025-08-01 05:50:00,24.85,214.52,1021,5.44,79.59,16.45,2.18,99.22,2.2,1.62
2025-08-01 05:55:00,24.96,213.1,1028,5.43,79.61,16.43,2.06,99.4,2.2,1.63
2025-08-01 06:00:00,24.95,214.16,1027,5.41,79.64,16.42,2.04,99.58,2.2,1.63
2025-08-01 06:05:00,24.93,213.23,1015,5.5,79.66,16.4,2.04,99.64,2.2,1.63
2025-08-01 06:10:00,24.79,215.02,1030,5.41,79.68,16.39,2.1,99.71,2.2,1.63
2025-08-01 06:15:00,24.8,214.41,1016,5.39,79.71,16.37,2.21,99.54,2.21,1.62
2025-08-01 06:20:00,25.07,210.87,992,5.57,79.73,16.36,2.05,99.82,2.2,1.63
2025-08-01 06:25:00,25.13,211.51,995,5.55,79.75,16.34,2.22,99.86,2.21,1.62
2025-08-01 06:30:00,24.88,214.31,1027,5.46,79.78,16.33,2.01,99.88,2.19,1.64
2025-08-01 06:35:00,24.94,212.75,1005,5.5,79.8,16.31,2.1,99.98,2.2,1.63
2025-08-01 06:40:00,25.16,209.58,976,5.63,79.82,16.3,2.18,100.0,2.2,1.62
2025-08-01 06:45:00,25.26,209.43,980,5.64,79.85,16.28,2.03,100.1,2.2,1.63
2025-08-01 06:50:00,25.02,212.8,1008,5.48,79.87,16.27,2.16,100.04,2.2,1.62
2025-08-01 06:55:00,25.13,209.91,981,5.63,79.89,16.25,2.1,100.16,2.2,1.63
2025-08-01 07:00:00,25.2,209.52,982,5.64,79.92,16.24,2.1,100.22,2.2,1.63
2025-08-01 07:05:00,25.27,208.62,977,5.71,79.94,16.22,2.12,100.17,2.2,1.63
2025-08-01 07:10:00,25.24,209.77,987,5.64,79.96,16.21,2.0,100.41,2.19,1.64
2025-08-01 07:15:00,25.32,208.2,972,5.71,79.99,16.19,2.05,100.35,2.2,1.63
2025-08-01 07:20:00,25.29,208.06,971,5.65,80.01,16.18,2.18,100.55,2.2,1.62
2025-08-01 07:25:00,25.26,208.41,967,5.64,80.03,16.16,2.21,100.51,2.21,1.62
2025-08-01 07:30:00,25.56,204.09,923,5.88,80.06,16.15,2.1,100.67,2.2,1.63
2025-08-01 07:35:00,25.54,204.4,923,5.85,80.08,16.13,2.07,100.73,2.2,1.63
2025-08-01 07:40:00,25.33,208.08,969,5.71,80.1,16.12,2.17,100.81,2.2,1.62
2025-08-01 07:45:00,25.54,204.99,933,5.82,80.13,16.1,2.17,100.87,2.2,1.62
2025-08-01 07:50:00,25.46,205.81,939,5.8,80.15,16.09,2.09,100.91,2.2,1.63
2025-08-01 07:55:00,25.37,206.59,946,5.75,80.17,16.07,2.19,101.07,2.2,1.62
2025-08-01 08:00:00,25.66,202.94,917,5.92,80.2,16.06,2.19,101.03,2.2,1.62
2025-08-01 08:05:00,25.63,203.22,912,5.91,80.22,16.04,2.08,101.12,2.2,1.63
2025-08-01 08:10:00,25.5,205.58,940,5.8,80.24,16.03,2.26,101.1,2.21,1.61
2025-08-01 08:15:00,25.68,203.02,916,5.93,80.27,16.01,2.07,101.32,2.2,1.63
2025-08-01 08:20:00,25.43,205.84,942,5.78,80.29,16.0,2.11,101.37,2.2,1.63
2025-08-01 08:25:00,25.79,201.36,897,6.01,80.31,15.98,2.2,101.35,2.2,1.62
2025-08-01 08:30:00,25.7,202.26,903,5.96,80.34,15.97,2.17,101.41,2.2,1.62
2025-08-01 08:35:00,25.69,203.08,916,5.95,80.36,15.95,2.2,101.55,2.2,1.62
2025-08-01 08:40:00,25.92,199.64,877,6.13,80.38,15.94,2.18,101.4,2.2,1.62
2025-08-01 08:45:00,25.79,201.53,901,5.99,80.41,15.92,2.1,101.69,2.2,1.63
2025-08-01 08:50:00,25.84,200.73,889,6.02,80.43,15.91,2.13,101.76,2.2,1.62
2025-08-01 08:55:00,25.86,200.0,883,6.02,80.45,15.89,2.21,101.77,2.2,1.62
2025-08-01 09:00:00,25.9,200.27,890,6.06,80.47,15.88,2.13,101.81,2.2,1.62
2025-08-01 09:05:00,25.82,201.29,896,6.0,80.5,15.86,2.02,102.13,2.19,1.64
2025-08-01 09:10:00,26.01,198.54,871,6.14,80.52,15.85,2.18,102.04,2.2,1.62
2025-08-01 09:15:00,26.04,198.37,868,6.14,80.54,15.83,2.03,102.1,2.19,1.64
2025-08-01 09:20:00,26.08,198.11,868,6.18,80.57,15.82,2.12,102.18,2.2,1.62
2025-08-01 09:25:00,26.12,197.63,865,6.22,80.59,15.8,2.13,102.26,2.2,1.62
2025-08-01 09:30:00,26.09,197.77,861,6.19,80.61,15.79,2.05,102.32,2.19,1.63
2025-08-01 09:35:00,26.04,198.24,870,6.13,80.64,15.77,2.14,102.34,2.2,1.62
2025-08-01 09:40:00,26.17,196.48,847,6.27,80.66,15.76,2.16,102.39,2.2,1.62
2025-08-01 09:45:00,26.26,195.93,845,6.33,80.68,15.74,2.17,102.5,2.2,1.62
2025-08-01 09:50:00,26.31,195.16,837,6.33,80.7,15.73,2.0,102.66,2.19,1.64
2025-08-01 09:55:00,26.18,196.79,853,6.24,80.73,15.71,2.07,102.65,2.2,1.63
2025-08-01 10:00:00,26.43,193.36,819,6.47,80.75,15.7,2.21,102.67,2.2,1.62
2025-08-01 10:05:00,26.41,193.8,825,6.41,80.77,15.68,2.1,102.82,2.2,1.63
2025-08-01 10:10:00,26.37,194.27,828,6.37,80.8,15.67,2.1,102.77,2.2,1.63
2025-08-01 10:15:00,26.3,195.12,836,6.32,80.82,15.65,2.07,102.9,2.2,1.63
2025-08-01 10:20:00,26.35,194.13,828,6.36,80.84,15.64,2.22,102.8,2.2,1.61
2025-08-01 10:25:00,26.47,193.02,817,6.45,80.87,15.62,2.06,103.01,2.19,1.63
2025-08-01 10:30:00,26.46,193.42,822,6.44,80.89,15.61,2.04,103.02,2.19,1.63
2025-08-01 10:35:00,26.54,192.49,811,6.5,80.91,15.59,2.1,103.11,2.2,1.63
2025-08-01 10:40:00,26.6,191.73,803,6.55,80.93,15.58,2.11,103.1,2.2,1.63
2025-08-01 10:45:00,26.56,192.36,812,6.51,80.96,15.56,2.06,103.22,2.19,1.63
2025-08-01 10:50:00,26.6,191.82,803,6.54,80.98,15.55,2.05,103.26,2.19,1.63
2025-08-01 10:55:00,26.44,193.45,820,6.41,81.0,15.53,2.09,103.35,2.2,1.63
2025-08-01 11:00:00,26.56,192.49,811,6.48,81.02,15.52,2.21,103.31,2.2,1.61
2025-08-01 11:05:00,26.54,192.4,809,6.5,81.05,15.5,2.11,103.48,2.2,1.63
2025-08-01 11:10:00,26.75,189.92,781,6.68,81.07,15.49,2.01,103.52,2.19,1.64
2025-08-01 11:15:00,26.7,190.58,787,6.63,81.09,15.47,2.17,103.54,2.2,1.62
2025-08-01 11:20:00,26.8,189.75,782,6.7,81.11,15.46,2.04,103.74,2.19,1.63
2025-08-01 11:25:00,26.71,190.23,784,6.64,81.14,15.44,2.1,103.78,2.2,1.63
2025-08-01 11:30:00,26.69,190.59,788,6.62,81.16,15.43,2.15,103.7,2.2,1.62
2025-08-01 11:35:00,26.8,189.5,778,6.7,81.18,15.41,2.1,103.88,2.2,1.63
2025-08-01 11:40:00,26.85,189.17,778,6.72,81.2,15.4,2.02,103.95,2.19,1.64
2025-08-01 11:45:00,26.96,187.97,764,6.82,81.23,15.38,2.07,104.05,2.19,1.63
2025-08-01 11:50:00,26.86,188.75,770,6.73,81.25,15.37,2.23,103.95,2.2,1.61
2025-08-01 11:55:00,26.91,188.47,770,6.78,81.27,15.35,2.04,104.2,2.19,1.63
2025-08-01 12:00:00,27.0,187.73,763,6.85,81.29,15.34,2.06,104.23,2.19,1.63
2025-08-01 12:05:00,27.01,187.41,758,6.85,81.32,15.32,2.06,104.28,2.19,1.63
2025-08-01 12:10:00,26.88,188.94,775,6.73,81.34,15.31,2.08,104.3,2.19,1.63
2025-08-01 12:15:00,27.01,187.52,763,6.84,81.36,15.29,2.06,104.35,2.19,1.63
2025-08-01 12:20:00,26.94,188.08,767,6.8,81.38,15.28,2.15,104.37,2.2,1.62
2025-08-01 12:25:00,27.02,187.51,763,6.85,81.4,15.26,2.18,104.4,2.2,1.62
2025-08-01 12:30:00,27.13,186.29,748,6.96,81.43,15.25,2.09,104.53,2.19,1.63
2025-08-01 12:35:00,27.19,185.73,741,7.0,81.45,15.23,2.04,104.66,2.19,1.63
2025-08-01 12:40:00,27.15,186.2,746,6.96,81.47,15.22,2.11,104.67,2.2,1.62
2025-08-01 12:45:00,27.19,185.7,744,6.98,81.49,15.2,2.15,104.68,2.2,1.62
2025-08-01 12:50:00,27.24,185.12,739,7.03,81.52,15.19,2.14,104.81,2.2,1.62
2025-08-01 12:55:00,27.31,184.62,733,7.08,81.54,15.17,2.03,104.97,2.19,1.63
2025-08-01 13:00:00,27.28,184.81,732,7.06,81.56,15.16,2.14,104.97,2.2,1.62
2025-08-01 13:05:00,27.33,184.4,731,7.09,81.58,15.14,2.08,105.07,2.19,1.63
2025-08-01 13:10:00,27.26,185.17,738,7.03,81.6,15.13,2.2,105.02,2.2,1.61
2025-08-01 13:15:00,27.3,184.58,731,7.07,81.63,15.11,2.12,105.15,2.2,1.62
2025-08-01 13:20:00,27.31,184.38,729,7.07,81.65,15.1,2.17,105.16,2.2,1.62
2025-08-01 13:25:00,27.26,185.11,738,7.02,81.67,15.08,2.07,105.29,2.19,1.63
2025-08-01 13:30:00,27.42,183.43,719,7.17,81.69,15.07,2.14,105.3,2.2,1.62
2025-08-01 13:35:00,27.46,183.27,719,7.19,81.71,15.05,2.07,105.44,2.19,1.63
2025-08-01 13:40:00,27.42,183.47,720,7.17,81.74,15.04,2.1,105.47,2.19,1.63
2025-08-01 13:45:00,27.53,182.46,710,7.27,81.76,15.02,2.08,105.58,2.19,1.63
2025-08-01 13:50:00,27.53,182.35,708,7.27,81.78,15.01,2.14,105.59,2.2,1.62
2025-08-01 13:55:00,27.5,182.72,713,7.24,81.8,14.99,2.06,105.69,2.19,1.63
2025-08-01 14:00:00,27.49,182.91,714,7.23,81.82,14.98,2.2,105.65,2.2,1.61
2025-08-01 14:05:00,27.58,181.93,702,7.31,81.85,14.96,2.09,105.81,2.19,1.63
2025-08-01 14:10:00,27.63,181.56,700,7.34,81.87,14.95,2.05,105.93,2.19,1.63
2025-08-01 14:15:00,27.64,181.51,699,7.34,81.89,14.93,2.1,105.95,2.19,1.63
2025-08-01 14:20:00,27.71,180.8,691,7.4,81.91,14.92,2.14,105.99,2.2,1.62
2025-08-01 14:25:00,27.62,181.71,701,7.32,81.93,14.9,2.13,106.05,2.2,1.62
2025-08-01 14:30:00,27.55,182.32,708,7.27,81.96,14.89,2.04,106.1,2.19,1.63
2025-08-01 14:35:00,27.65,181.33,696,7.35,81.98,14.87,2.16,106.17,2.2,1.62
2025-08-01 14:40:00,27.67,181.0,695,7.36,82.0,14.86,2.17,106.18,2.2,1.62
2025-08-01 14:45:00,27.7,180.86,692,7.38,82.02,14.84,2.09,106.28,2.19,1.63
2025-08-01 14:50:00,27.76,180.25,686,7.43,82.04,14.83,2.11,106.35,2.19,1.63
2025-08-01 14:55:00,27.77,180.18,685,7.44,82.07,14.81,2.03,106.49,2.19,1.64
2025-08-01 15:00:00,27.84,179.52,679,7.5,82.09,14.8,2.11,106.51,2.19,1.63
2025-08-01 15:05:00,27.82,179.67,680,7.48,82.11,14.78,2.15,106.51,2.2,1.62
2025-08-01 15:10:00,27.82,179.62,679,7.48,82.13,14.77,2.12,106.56,2.19,1.62
2025-08-01 15:15:00,27.88,179.03,674,7.54,82.15,14.75,2.15,106.61,2.2,1.62
2025-08-01 15:20:00,27.91,178.89,672,7.56,82.18,14.74,2.05,106.75,2.19,1.63
2025-08-01 15:25:00,27.98,178.23,666,7.62,82.2,14.72,2.09,106.82,2.19,1.63
2025-08-01 15:30:00,27.98,178.1,664,7.62,82.22,14.71,2.13,106.85,2.2,1.62
2025-08-01 15:35:00,27.94,178.6,669,7.58,82.24,14.69,2.11,106.91,2.19,1.62
2025-08-01 15:40:00,27.96,178.43,668,7.59,82.26,14.68,2.11,106.94,2.19,1.62
2025-08-01 15:45:00,27.99,178.07,664,7.62,82.28,14.66,2.15,106.98,2.2,1.62
2025-08-01 15:50:00,28.02,177.85,662,7.64,82.3,14.65,2.08,107.09,2.19,1.63
2025-08-01 15:55:00,28.11,177.01,654,7.72,82.33,14.63,2.07,107.18,2.19,1.63
2025-08-01 16:00:00,28.06,177.47,658,7.68,82.35,14.62,2.12,107.21,2.19,1.62
2025-08-01 16:05:00,28.08,177.26,657,7.69,82.37,14.6,2.1,107.27,2.19,1.63
2025-08-01 16:10:00,28.11,177.02,654,7.72,82.39,14.59,2.1,107.31,2.19,1.63
2025-08-01 16:15:00,28.1,177.12,656,7.7,82.41,14.57,2.08,107.38,2.19,1.63
2025-08-01 16:20:00,28.1,177.16,655,7.7,82.43,14.56,2.16,107.37,2.2,1.62
2025-08-01 16:25:00,28.16,176.59,650,7.76,82.45,14.54,2.09,107.49,2.19,1.63
2025-08-01 16:30:00,28.21,176.11,646,7.8,82.47,14.53,2.08,107.54,2.19,1.63
2025-08-01 16:35:00,28.23,176.0,644,7.81,82.49,14.51,2.11,107.59,2.19,1.62
2025-08-01 16:40:00,28.19,176.35,648,7.78,82.51,14.5,2.1,107.63,2.19,1.63
2025-08-01 16:45:00,28.28,175.48,639,7.86,82.53,14.48,2.08,107.71,2.19,1.63
2025-08-01 16:50:00,28.23,175.92,643,7.81,82.55,14.47,2.16,107.72,2.2,1.62
2025-08-01 16:55:00,28.27,175.64,641,7.84,82.57,14.45,2.1,107.79,2.19,1.63
2025-08-01 17:00:00,28.28,175.54,639,7.85,82.59,14.44,2.13,107.82,2.19,1.62
2025-08-01 17:05:00,28.32,175.25,637,7.88,82.61,14.42,2.07,107.92,2.19,1.63
2025-08-01 17:10:00,28.37,174.75,632,7.93,82.63,14.41,2.11,107.95,2.19,1.62
2025-08-01 17:15:00,28.43,174.24,628,7.98,82.65,14.39,2.07,108.05,2.19,1.63
2025-08-01 17:20:00,28.37,174.74,632,7.92,82.67,14.38,2.11,108.08,2.19,1.62
2025-08-01 17:25:00,28.39,174.62,631,7.94,82.69,14.36,2.13,108.12,2.19,1.62
2025-08-01 17:30:00,28.43,174.22,627,7.98,82.71,14.35,2.08,108.2,2.19,1.63
2025-08-01 17:35:00,28.42,174.33,628,7.97,82.73,14.33,2.14,108.2,2.2,1.62
2025-08-01 17:40:00,28.47,173.88,624,8.01,82.75,14.32,2.13,108.25,2.19,1.62
2025-08-01 17:45:00,28.49,173.69,622,8.03,82.77,14.3,2.13,108.3,2.19,1.62
2025-08-01 17:50:00,28.53,173.35,618,8.06,82.79,14.29,2.07,108.41,2.19,1.63
2025-08-01 17:55:00,28.56,173.1,616,8.09,82.81,14.27,2.11,108.45,2.19,1.62
2025-08-01 18:00:00,28.53,173.36,618,8.06,82.83,14.26,2.17,108.46,2.2,1.62
2025-08-01 18:05:00,28.56,173.09,616,8.09,82.85,14.24,2.06,108.58,2.19,1.63
2025-08-01 18:10:00,28.62,172.58,611,8.14,82.87,14.23,2.09,108.63,2.19,1.63
2025-08-01 18:15:00,28.62,172.58,611,8.14,82.89,14.21,2.15,108.64,2.2,1.62
2025-08-01 18:20:00,28.61,172.67,612,8.13,82.9,14.2,2.11,108.69,2.19,1.62
2025-08-01 18:25:00,28.61,172.67,612,8.13,82.92,14.18,2.09,108.74,2.19,1.63
2025-08-01 18:30:00,28.65,172.3,608,8.17,82.94,14.17,2.15,108.76,2.2,1.62
2025-08-01 18:35:00,28.7,171.9,604,8.21,82.96,14.15,2.08,108.87,2.19,1.63
2025-08-01 18:40:00,28.71,171.85,603,8.21,82.98,14.14,2.12,108.89,2.19,1.62
2025-08-01 18:45:00,28.71,171.85,603,8.21,83.0,14.12,2.14,108.92,2.19,1.62
2025-08-01 18:50:00,28.71,171.85,603,8.21,83.02,14.11,2.03,109.07,2.19,1.64
2025-08-01 18:55:00,28.73,171.65,601,8.23,83.04,14.09,2.15,109.02,2.2,1.62
2025-08-01 19:00:00,28.75,171.45,599,8.25,83.06,14.08,2.11,109.08,2.19,1.62
2025-08-01 19:05:00,28.76,171.35,598,8.26,83.08,14.06,2.15,109.11,2.2,1.62
2025-08-01 19:10:00,28.79,171.1,596,8.28,83.1,14.05,2.05,109.24,2.19,1.63
2025-08-01 19:15:00,28.84,170.65,592,8.33,83.12,14.03,2.09,109.29,2.19,1.63
2025-08-01 19:20:00,28.85,170.55,591,8.34,83.14,14.02,2.11,109.32,2.19,1.62
2025-08-01 19:25:00,28.85,170.55,591,8.34,83.15,14.0,2.1,109.37,2.19,1.63
2025-08-01 19:30:00,28.87,170.35,589,8.36,83.17,13.99,2.13,109.4,2.19,1.62
2025-08-01 19:35:00,28.9,170.1,586,8.38,83.19,13.97,2.09,109.5,2.19,1.63
2025-08-01 19:40:00,28.94,169.75,583,8.42,83.21,13.96,2.08,109.55,2.19,1.63
2025-08-01 19:45:00,28.91,170.0,585,8.39,83.23,13.94,2.15,109.55,2.2,1.62
2025-08-01 19:50:00,28.92,169.9,584,8.4,83.25,13.93,2.1,109.61,2.19,1.63
2025-08-01 19:55:00,28.97,169.45,580,8.45,83.27,13.91,2.08,109.7,2.19,1.63
2025-08-01 20:00:00,29.0,169.2,577,8.47,83.29,13.9,2.11,109.74,2.19,1.62
2025-08-01 20:05:00,29.02,169.0,575,8.49,83.31,13.88,2.08,109.82,2.19,1.63
2025-08-01 20:10:00,28.99,169.25,578,8.46,83.33,13.87,2.14,109.81,2.2,1.62
2025-08-01 20:15:00,29.02,169.0,575,8.49,83.35,13.85,2.12,109.87,2.19,1.62
2025-08-01 20:20:00,29.05,168.75,573,8.52,83.37,13.84,2.1,109.93,2.19,1.63
2025-08-01 20:25:00,29.05,168.75,573,8.52,83.38,13.82,2.15,109.94,2.2,1.62
2025-08-01 20:30:00,29.09,168.4,569,8.55,83.4,13.81,2.08,110.03,2.19,1.63
2025-08-01 20:35:00,29.1,168.3,568,8.56,83.42,13.79,2.11,110.06,2.19,1.62
2025-08-01 20:40:00,29.12,168.1,566,8.58,83.44,13.78,2.1,110.11,2.19,1.63
2-08-01 20:45:00,29.14,167.9,564,8.6,83.46,13.76,2.11,110.15,2.19,1.63
2025-08-01 20:50:00,29.16,167.7,562,8.62,83.48,13.75,2.09,110.21,2.19,1.63
2025-08-01 20:55:00,29.17,167.6,561,8.63,83.5,13.73,2.13,110.24,2.19,1.62
2025-08-01 21:00:00,29.21,167.25,558,8.66,83.52,13.72,2.08,110.32,2.19,1.63
2025-08-01 21:05:00,29.21,167.25,558,8.66,83.54,13.7,2.13,110.35,2.19,1.62
2025-08-01 21:10:00,29.23,167.05,556,8.68,83.56,13.69,2.11,110.4,2.19,1.63
2025-08-01 21:15:00,29.25,166.85,554,8.7,83.58,13.67,2.1,110.45,2.19,1.63
2025-08-01 21:20:00,29.28,166.6,551,8.72,83.6,13.66,2.09,110.51,2.19,1.63
2025-08-01 21:25:00,29.3,166.4,549,8.74,83.62,13.64,2.09,110.56,2.19,1.63
2025-08-01 21:30:00,29.3,166.4,549,8.74,83.64,13.63,2.16,110.55,2.2,1.62
2025-08-01 21:35:00,29.3,166.4,549,8.74,83.66,13.61,2.06,110.68,2.19,1.63
2025-08-01 21:40:00,29.34,166.0,545,8.78,83.67,13.6,2.1,110.7,2.19,1.63
2025-08-01 21:45:00,29.37,165.75,543,8.8,83.69,13.58,2.1,110.75,2.19,1.63
2025-08-01 21:50:00,29.37,165.75,543,8.8,83.71,13.57,2.12,110.78,2.19,1.62
2025-08-01 21:55:00,29.41,165.4,539,8.84,83.73,13.55,2.1,110.84,2.19,1.63
2025-08-01 22:00:00,29.42,165.3,538,8.85,83.75,13.54,2.09,110.89,2.19,1.63
2025-08-01 22:05:00,29.43,165.2,537,8.86,83.77,13.52,2.12,110.92,2.19,1.62
2025-08-01 22:10:00,29.46,164.95,535,8.88,83.79,13.51,2.09,110.98,2.19,1.63
2025-08-01 22:15:00,29.47,164.85,534,8.89,83.81,13.49,2.1,111.02,2.19,1.63
2025-08-01 22:20:00,29.48,164.75,533,8.9,83.83,13.48,2.11,111.05,2.19,1.62
2025-08-01 22:25:00,29.5,164.55,531,8.92,83.85,13.46,2.08,111.12,2.19,1.63
2025-08-01 22:30:00,29.52,164.35,529,8.94,83.87,13.45,2.1,111.16,2.19,1.63
2025-08-01 22:35:00,29.53,164.25,528,8.95,83.88,13.43,2.12,111.19,2.19,1.62
2025-08-01 22:40:00,29.54,164.15,527,8.96,83.9,13.42,2.09,111.24,2.19,1.63
2.1125-08-01 22:45:00,29.56,163.95,525,8.98,83.92,13.4,2.1,111.29,2.19,1.63
2025-08-01 22:50:00,29.57,163.85,524,8.99,83.94,13.39,2.1,111.33,2.19,1.63
2025-08-01 22:55:00,29.58,163.75,523,9.0,83.96,13.37,2.11,111.37,2.19,1.62
2025-08-01 23:00:00,29.6,163.55,521,9.02,83.98,13.36,2.09,111.42,2.19,1.63
2025-08-01 23:05:00,29.61,163.45,520,9.03,84.0,13.34,2.09,111.47,2.19,1.63
2025-08-01 23:10:00,29.64,163.2,517,9.05,84.02,13.33,2.09,111.52,2.19,1.63
2025-08-01 23:15:00,29.65,163.1,516,9.06,84.04,13.31,2.09,111.57,2.19,1.63
2025-08-01 23:20:00,29.67,162.9,514,9.08,84.06,13.3,2.08,111.63,2.19,1.63
2025-08-01 23:25:00,29.68,162.8,513,9.09,84.07,13.28,2.11,111.65,2.19,1.62
2025-08-01 23:30:00,29.69,162.7,512,9.1,84.09,13.27,2.09,111.7,2.19,1.63
2025-08-01 23:35:00,29.7,162.6,511,9.11,84.11,13.25,2.1,111.74,2.19,1.63
2025-08-01 23:40:00,29.71,162.5,510,9.12,84.13,13.24,2.09,111.79,2.19,1.63
2025-08-01 23:45:00,29.73,162.3,508,9.14,84.15,13.22,2.09,111.84,2.19,1.63
2025-08-01 23:50:00,29.75,162.1,506,9.16,84.17,13.21,2.08,111.9,2.19,1.63
2025-08-01 23:55:00,29.76,162.0,505,9.17,84.19,13.19,2.09,111.94,2.19,1.63
2025-08-02 00:00:00,29.77,161.9,504,9.18,84.2,13.18,2.08,111.99,2.19,1.63
2025-08-02 00:05:00,29.78,161.8,503,9.19,84.22,13.16,2.09,112.03,2.19,1.63
2025-08-02 00:10:00,29.8,161.6,501,9.21,84.24,13.15,2.08,112.09,2.19,1.63
2025-08-02 00:15:00,29.82,161.4,499,9.23,84.26,13.13,2.08,112.14,2.19,1.63
2025-08-02 00:20:00,29.83,161.3,498,9.24,84.28,13.12,2.07,112.2,2.19,1.63
2025-08-02 00:25:00,29.84,161.2,497,9.25,84.3,13.1,2.07,112.25,2.19,1.63
2025-08-02 00:30:00,29.85,161.1,496,9.26,84.31,13.09,2.08,112.29,2.19,1.63
2025-08-02 00:35:00,29.86,161.0,495,9.27,84.33,13.07,2.07,112.35,2.19,1.63
2025-08-02 00:40:00,29.87,160.9,494,9.28,84.35,13.06,2.07,112.4,2.19,1.63
2025-08-02 00:45:00,29.88,160.8,493,9.29,84.37,13.04,2.07,112.45,2.19,1.63
2025-08-02 00:50:00,29.89,160.7,492,9.3,84.39,13.03,2.07,112.5,2.19,1.63
2025-08-02 00:55:00,29.9,160.6,491,9.31,84.41,13.01,2.06,112.56,2.19,1.63
2025-08-02 01:00:00,29.91,160.5,490,9.32,84.42,13.0,2.07,112.6,2.19,1.63
2025-08-02 01:05:00,29.92,160.4,489,9.33,84.44,12.98,2.06,112.66,2.19,1.63
2025-08-02 01:10:00,29.93,160.3,488,9.34,84.46,12.97,2.06,112.71,2.19,1.63
2025-08-02 01:15:00,29.94,160.2,487,9.35,84.48,12.95,2.05,112.77,2.19,1.64
2025-08-02 01:20:00,29.95,160.1,486,9.36,84.5,12.94,2.05,112.82,2.19,1.64
2025-08-02 01:25:00,29.96,160.0,485,9.37,84.51,12.92,2.05,112.87,2.19,1.64
2025-08-02 01:30:00,29.97,159.9,484,9.38,84.53,12.91,2.05,112.92,2.19,1.64
2025-08-02 01:35:00,29.98,159.8,483,9.39,84.55,12.89,2.04,112.98,2.19,1.64
2025-08-02 01:40:00,29.99,159.7,482,9.4,84.57,12.88,2.04,113.03,2.19,1.64
2025-08-02 01:45:00,30.0,159.6,481,9.41,84.58,12.86,2.04,113.08,2.19,1.64
2025-08-02 01:50:00,30.0,159.6,481,9.41,84.6,12.85,2.04,113.13,2.19,1.64
2025-08-02 01:55:00,30.01,159.5,480,9.42,84.62,12.83,2.03,113.19,2.19,1.64
2025-08-02 02:00:00,30.02,159.4,479,9.43,84.64,12.82,2.03,113.24,2.19,1.64
2025-08-02 02:05:00,30.03,159.3,478,9.44,84.65,12.8,2.03,113.29,2.19,1.64
2025-08-02 02:10:00,30.04,159.2,477,9.45,84.67,12.79,2.03,113.34,2.19,1.64
2025-08-02 02:15:00,30.05,159.1,476,9.46,84.69,12.77,2.02,113.4,2.19,1.64
2025-08-02 02:20:00,30.06,159.0,475,9.47,84.7,12.76,2.02,113.45,2.19,1.64
2025-08-02 02:25:00,30.07,158.9,474,9.48,84.72,12.74,2.02,113.5,2.19,1.64
2025-08-02 02:30:00,30.08,158.8,473,9.49,84.74,12.73,2.02,113.55,2.19,1.64
2025-08-02 02:35:00,30.09,158.7,472,9.5,84.75,12.71,2.01,113.61,2.19,1.64
2025-08-02 02:40:00,30.09,158.7,472,9.5,84.77,12.7,2.01,113.66,2.19,1.64
2025-08-02 02:45:00,30.1,158.6,471,9.51,84.79,12.68,2.01,113.71,2.19,1.64
2025-08-02 02:50:00,30.11,158.5,470,9.52,84.8,12.67,2.01,113.76,2.19,1.64
2025-08-02 02:55:00,30.12,158.4,469,9.53,84.82,12.65,2.0,113.82,2.19,1.64
2025-08-02 03:00:00,30.13,158.3,468,9.54,84.84,12.64,2.0,113.87,2.19,1.64
2025-08-02 03:05:00,30.14,158.2,467,9.55,84.85,12.62,2.0,113.92,2.19,1.64
2025-08-02 03:10:00,30.15,158.1,466,9.56,84.87,12.61,2.0,113.97,2.19,1.64
2025-08-02 03:15:00,30.16,158.0,465,9.57,84.89,12.59,1.99,114.03,2.19,1.65
2025-08-02 03:20:00,30.17,157.9,464,9.58,84.9,12.58,1.99,114.08,2.19,1.65
2025-08-02 03:25:00,30.18,157.8,463,9.59,84.92,12.56,1.99,114.13,2.19,1.65
2025-08-02 03:30:00,30.19,157.7,462,9.6,84.93,12.55,1.99,114.18,2.19,1.65
2025-08-02 03:35:00,30.2,157.6,461,9.61,84.95,12.53,1.98,114.24,2.19,1.65
2025-08-02 03:40:00,30.2,157.6,461,9.61,84.97,12.52,1.98,114.29,2.19,1.65
2025-08-02 03:45:00,30.21,157.5,460,9.62,84.98,12.5,1.98,114.34,2.19,1.65
2-02 03:50:00,30.22,157.4,459,9.63,85.0,12.49,1.98,114.39,2.19,1.65
2025-08-02 03:55:00,30.23,157.3,458,9.64,85.01,12.47,1.97,114.45,2.19,1.65
2025-08-02 04:00:00,30.24,157.2,457,9.65,85.03,12.46,1.97,114.5,2.19,1.65
2025-08-02 04:05:00,30.25,157.1,456,9.66,85.05,12.44,1.97,114.55,2.19,1.65
2025-08-02 04:10:00,30.26,157.0,455,9.67,85.06,12.43,1.97,114.6,2.19,1.65
2025-08-02 04:15:00,30.27,156.9,454,9.68,85.08,12.41,1.96,114.66,2.19,1.65
2025-08-02 04:20:00,30.28,156.8,453,9.69,85.09,12.4,1.96,114.71,2.19,1.65
21125-08-02 04:25:00,30.29,156.7,452,9.7,85.11,12.38,1.96,114.76,2.19,1.65
2025-08-02 04:30:00,30.3,156.6,451,9.71,85.12,12.37,1.96,114.81,2.19,1.65
2025-08-02 04:35:00,30.31,156.5,450,9.72,85.14,12.35,1.95,114.87,2.19,1.65
2025-08-02 04:40:00,30.32,156.4,449,9.73,85.15,12.34,1.95,114.92,2.19,1.65
2025-08-02 04:45:00,30.33,156.3,448,9.74,85.17,12.32,1.95,114.97,2.19,1.65
2025-08-02 04:50:00,30.34,156.2,447,9.75,85.18,12.31,1.95,115.02,2.19,1.65
2025-08-02 04:55:00,30.35,156.1,446,9.76,85.2,12.29,1.94,115.08,2.19,1.66
2025-08-02 05:00:00,30.36,156.0,445,9.77,85.21,12.28,1.94,115.13,2.19,1.66
2025-08-02 05:05:00,30.37,155.9,444,9.78,85.23,12.26,1.94,115.18,2.19,1.66
2025-08-02 05:10:00,30.38,155.8,443,9.79,85.24,12.25,1.94,115.23,2.19,1.66
2025-08-02 05:15:00,30.39,155.7,442,9.8,85.26,12.23,1.93,115.29,2.19,1.66
2025-08-02 05:20:00,30.4,155.6,441,9.81,85.27,12.22,1.93,115.34,2.19,1.66
2025-08-02 05:25:00,30.41,155.5,440,9.82,85.29,12.2,1.93,115.39,2.19,1.66
2025-08-02 05:30:00,30.42,155.4,439,9.83,85.3,12.19,1.93,115.44,2.19,1.66
2025-08-02 05:35:00,30.43,155.3,438,9.84,85.32,12.17,1.92,115.5,2.19,1.66
2025-08-02 05:40:00,30.44,155.2,437,9.85,85.33,12.16,1.92,115.55,2.19,1.66
2025-08-02 05:45:00,30.45,155.1,436,9.86,85.35,12.14,1.92,115.6,2.19,1.66
2025-08-02 05:50:00,30.46,155.0,435,9.87,85.36,12.13,1.92,115.65,2.19,1.66
2025-08-02 05:55:00,30.47,154.9,434,9.88,85.38,12.11,1.91,115.71,2.19,1.66
2025-08-02 06:00:00,30.48,154.8,433,9.89,85.39,12.1,1.91,115.76,2.19,1.66
2025-08-02 06:05:00,30.49,154.7,432,9.9,85.4,12.08,1.91,115.81,2.19,1.66
2025-08-02 06:10:00,30.5,154.6,431,9.91,85.42,12.07,1.91,115.86,2.19,1.66
2025-08-02 06:15:00,30.5,154.6,431,9.91,85.43,12.05,1.9,115.92,2.19,1.67
2025-08-02 06:20:00,30.51,154.5,430,9.92,85.45,12.04,1.9,115.97,2.19,1.67
2025-08-02 06:25:00,30.52,154.4,429,9.93,85.46,12.02,1.9,116.02,2.19,1.67
2025-08-02 06:30:00,30.53,154.3,428,9.94,85.47,12.01,1.9,116.07,2.19,1.67
2025-08-02 06:35:00,30.54,154.2,427,9.95,85.49,11.99,1.89,116.13,2.18,1.67
2025-08-02 06:40:00,30.55,154.1,426,9.96,85.5,11.98,1.89,116.18,2.18,1.67
2025-08-02 06:45:00,30.56,154.0,425,9.97,85.52,11.96,1.89,116.23,2.18,1.67
2025-08-02 06:50:00,30.57,153.9,424,9.98,85.53,11.95,1.89,116.28,2.18,1.67
2025-08-02 06:55:00,30.58,153.8,423,9.99,85.54,11.93,1.88,116.34,2.18,1.67
2025-08-02 07:00:00,30.59,153.7,422,10.0,85.56,11.92,1.88,116.39,2.18,1.67
2025-08-02 07:05:00,30.6,153.6,421,10.01,85.57,11.9,1.88,116.44,2.18,1.67
2025-08-02 07:10:00,30.61,153.5,420,10.02,85.58,11.89,1.88,116.49,2.18,1.67
2025-08-02 07:15:00,30.62,153.4,419,10.03,85.6,11.87,1.87,116.55,2.18,1.67
2025-08-02 07:20:00,30.63,153.3,418,10.04,85.61,11.86,1.87,116.6,2.18,1.67
2025-08-02 07:25:00,30.64,153.2,417,10.05,85.62,11.84,1.87,116.65,2.18,1.67
2025-08-02 07:30:00,30.65,153.1,416,10.06,85.64,11.83,1.87,116.7,2.18,1.67
2..8-02 07:35:00,30.66,153.0,415,10.07,85.65,11.81,1.86,116.76,2.18,1.68
2025-08-02 07:40:00,30.67,152.9,414,10.08,85.66,11.8,1.86,116.81,2.18,1.68
2025-08-02 07:45:00,30.68,152.8,413,10.09,85.68,11.78,1.86,116.86,2.18,1.68
2025-08-02 07:50:00,30.69,152.7,412,10.1,85.69,11.77,1.86,116.91,2.18,1.68
2025-08-02 07:55:00,30.7,152.6,411,10.11,85.7,11.75,1.85,116.97,2.18,1.68
2025-08-02 08:00:00,30.7,152.6,411,10.11,85.71,11.74,1.85,117.02,2.18,1.68
2025-08-02 08:05:00,30.71,152.5,410,10.12,85.73,11.72,1.85,117.07,2.18,1.68
2025-08-02 08:10:00,30.72,152.4,409,10.13,85.74,11.71,1.85,117.12,2.18,1.68
2025-08-02 08:15:00,30.73,152.3,408,10.14,85.75,11.69,1.84,117.18,2.18,1.68
2025-08-02 08:20:00,30.74,152.2,407,10.15,85.76,11.68,1.84,117.23,2.18,1.68
2025-08-02 08:25:00,30.75,152.1,406,10.16,85.78,11.66,1.84,117.28,2.18,1.68
2025-08-02 08:30:00,30.76,152.0,405,10.17,85.79,11.65,1.84,117.33,2.18,1.68
2025-08-02 08:35:00,30.77,151.9,404,10.18,85.8,11.63,1.83,117.39,2.18,1.68
2025-08-02 08:40:00,30.78,151.8,403,10.19,85.81,11.62,1.83,117.44,2.18,1.68
2025-08-02 08:45:00,30.79,151.7,402,10.2,85.82,11.6,1.83,117.49,2.18,1.68
2025-08-02 08:50:00,30.8,151.6,401,10.21,85.84,11.59,1.83,117.54,2.18,1.68
2025-08-02 08:55:00,30.81,151.5,400,10.22,85.85,11.57,1.82,117.6,2.18,1.69
2025-08-02 09:00:00,30.82,151.4,399,10.23,85.86,11.56,1.82,117.65,2.18,1.69
2025-08-02 09:05:00,30.83,151.3,398,10.24,85.87,11.54,1.82,117.7,2.18,1.69
2025-08-02 09:10:00,30.84,151.2,397,10.25,85.88,11.53,1.82,117.75,2.18,1.69
2025-08-02 09:15:00,30.85,151.1,396,10.26,85.89,11.51,1.81,117.81,2.18,1.69
2025-08-02 09:20:00,30.86,151.0,395,10.27,85.9,11.5,1.81,117.86,2.18,1.69
2025-08-02 09:25:00,30.87,150.9,394,10.28,85.92,11.48,1.81,117.91,2.18,1.69
2025-08-02 09:30:00,30.88,150.8,393,10.29,85.93,11.47,1.81,117.96,2.18,1.69
2025-08-02 09:35:00,30.89,150.7,392,10.3,85.94,11.45,1.8,118.02,2.18,1.69
2025-08-02 09:40:00,30.9,150.6,391,10.31,85.95,11.44,1.8,118.07,2.18,1.69
2025-08-02 09:45:00,30.91,150.5,390,10.32,85.96,11.42,1.8,118.12,2.18,1.69
2025-08-02 09:50:00,30.92,150.4,389,10.33,85.97,11.41,1.8,118.17,2.18,1.69
2025-08-02 09:55:00,30.93,150.3,388,10.34,85.98,11.39,1.79,118.23,2.17,1.69
2025-08-02 10:00:00,30.94,150.2,387,10.35,85.99,11.38,1.79,118.28,2.17,1.69
2025-08-02 10:05:00,30.95,150.1,386,10.36,86.0,11.36,1.79,118.33,2.17,1.69
2025-08-02 10:10:00,30.96,150.0,385,10.37,86.01,11.35,1.79,118.38,2.17,1.69
2025-08-02 10:15:00,30.97,149.9,384,10.38,86.02,11.33,1.78,118.44,2.17,1.7
2025-08-02 10:20:00,30.98,149.8,383,10.39,86.03,11.32,1.78,118.49,2.17,1.7
2025-08-02 10:25:00,30.99,149.7,382,10.4,86.04,11.3,1.78,118.54,2.17,1.7
2025-08-02 10:30:00,31.0,149.6,381,10.41,86.05,11.29,1.78,118.59,2.17,1.7
2025-08-02 10:35:00,31.01,149.5,380,10.42,86.06,11.27,1.77,118.65,2.17,1.7
2025-08-02 10:40:00,31.02,149.4,379,10.43,86.07,11.26,1.77,118.7,2.17,1.7
2025-08-02 10:45:00,31.03,149.3,378,10.44,86.08,11.24,1.77,118.75,2.17,1.7
2025-08-02 10:50:00,31.04,149.2,377,10.45,86.09,11.23,1.77,118.8,2.17,1.7
2025-08-02 10:55:00,31.05,149.1,376,10.46,86.1,11.21,1.76,118.86,2.17,1.7
2025-08-02 11:00:00,31.06,149.0,375,10.47,86.11,11.2,1.76,118.91,2.17,1.7
2025-08-02 11:05:00,31.07,148.9,374,10.48,86.12,11.18,1.76,118.96,2.17,1.7
2025-08-02 11:10:00,31.08,148.8,373,10.49,86.13,11.17,1.76,119.01,2.17,1.7
2025-08-02 11:15:00,31.09,148.7,372,10.5,86.14,11.15,1.75,119.07,2.17,1.7
2025-08-02 11:20:00,31.1,148.6,371,10.51,86.15,11.14,1.75,119.12,2.17,1.7
2025-08-02 11:25:00,31.1,148.6,371,10.51,86.16,11.12,1.75,119.17,2.17,1.7
2025-08-02 11:30:00,31.11,148.5,370,10.52,86.17,11.11,1.75,119.22,2.17,1.7
2025-08-02 11:35:00,31.12,148.4,369,10.53,86.18,11.09,1.74,119.28,2.17,1.71
2025-08-02 11:40:00,31.13,148.3,368,10.54,86.19,11.08,1.74,119.33,2.17,1.71
2025-08-02 11:45:00,31.14,148.2,367,10.55,86.2,11.06,1.74,119.38,2.17,1.71
2025-08-02 11:50:00,31.15,148.1,366,10.56,86.21,11.05,1.74,119.43,2.17,1.71
2025-08-02 11:55:00,31.16,148.0,365,10.57,86.22,11.03,1.73,119.49,2.16,1.71
2025-08-02 12:00:00,31.17,147.9,364,10.58,86.23,11.02,1.73,119.54,2.16,1.71
2025-08-02 12:05:00,31.18,147.8,363,10.59,86.24,11.0,1.73,119.59,2.16,1.71
2025-08-02 12:10:00,31.19,147.7,362,10.6,86.25,10.99,1.73,119.64,2.16,1.71
2025-08-02 12:15:00,31.2,147.6,361,10.61,86.26,10.97,1.72,119.7,2.16,1.71
2025-08-02 12:20:00,31.21,147.5,360,10.62,86.27,10.96,1.72,119.75,2.16,1.71
2025-08-02 12:25:00,31.22,147.4,359,10.63,86.28,10.94,1.72,119.8,2.16,1.71
2025-08-02 12:30:00,31.23,147.3,358,10.64,86.29,10.93,1.72,119.85,2.16,1.71
2025-08-02 12:35:00,31.24,147.2,357,10.65,86.3,10.91,1.71,119.91,2.16,1.72
2025-08-02 12:40:00,31.25,147.1,356,10.66,86.31,10.9,1.71,119.96,2.16,1.72
2025-08-02 12:45:00,31.26,147.0,355,10.67,86.32,10.88,1.71,120.01,2.16,1.72
2025-08-02 12:50:00,31.27,146.9,354,10.68,86.33,10.87,1.71,120.06,2.16,1.72
2025-08-02 12:55:00,31.28,146.8,353,10.69,86.34,10.85,1.7,120.12,2.16,1.72
2025-08-02 13:00:00,31.29,146.7,352,10.7,86.35,10.84,1.7,120.17,2.16,1.72
2025-08-02 13:05:00,31.3,146.6,351,10.71,86.36,10.82,1.7,120.22,2.16,1.72
2025-08-02 13:10:00,31.31,146.5,350,10.72,86.37,10.81,1.7,120.27,2.16,1.72
2025-08-02 13:15:00,31.32,146.4,349,10.73,86.38,10.79,1.69,120.33,2.16,1.72
2025-08-02 13:20:00,31.33,146.3,348,10.74,86.39,10.78,1.69,120.38,2.16,1.72
2025-08-02 13:25:00,31.34,146.2,347,10.75,86.4,10.76,1.69,120.43,2.16,1.72
2025-08-02 13:30:00,31.35,146.1,346,10.76,86.41,10.75,1.69,120.48,2.16,1.72
2025-08-02 13:35:00,31.36,146.0,345,10.77,86.42,10.73,1.68,120.54,2.16,1.73
2025-08-02 13:40:00,31.37,145.9,344,10.78,86.43,10.72,1.68,120.59,2.16,1.73
2025-08-02 13:45:00,31.38,145.8,343,10.79,86.44,10.7,1.68,120.64,2.16,1.73
2025-08-02 13:50:00,31.39,145.7,342,10.8,86.45,10.69,1.68,120.69,2.16,1.73
2025-08-02 13:55:00,31.4,145.6,341,10.81,86.46,10.67,1.67,120.75,2.15,1.73
2025-08-02 14:00:00,31.41,145.5,340,10.82,86.47,10.66,1.67,120.8,2.15,1.73
2025-08-02 14:05:00,31.42,145.4,339,10.83,86.48,10.64,1.67,120.85,2.15,1.73
2025-08-02 14:10:00,31.43,145.3,338,10.84,86.49,10.63,1.67,120.9,2.15,1.73
2025-08-02 14:15:00,31.44,145.2,337,10.85,86.5,10.61,1.66,120.96,2.15,1.73
2025-08-02 14:20:00,31.45,145.1,336,10.86,86.51,10.6,1.66,121.01,2.15,1.73
2025-08-02 14:25:00,31.46,145.0,335,10.87,86.52,10.58,1.66,121.06,2.15,1.73
2025-08-02 14:30:00,31.47,144.9,334,10.88,86.53,10.57,1.66,121.11,2.15,1.73
2025-08-02 14:35:00,31.48,144.8,333,10.89,86.54,10.55,1.65,121.17,2.15,1.74
2025-08-02 14:40:00,31.49,144.7,332,10.9,86.55,10.54,1.65,121.22,2.15,1.74
2025-08-02 14:45:00,31.5,144.6,331,10.91,86.56,10.52,1.65,121.27,2.15,1.74
2025-08-02 14:50:00,31.51,144.5,330,10.92,86.57,10.51,1.65,121.32,2.15,1.74
2025-08-02 14:55:00,31.52,144.4,329,10.93,86.58,10.49,1.64,121.38,2.15,1.74
2025-08-02 15:00:00,31.53,144.3,328,10.94,86.59,10.48,1.64,121.43,2.15,1.74
2025-08-02 15:05:00,31.54,144.2,327,10.95,86.6,10.46,1.64,121.48,2.15,1.74
2-02 15:10:00,31.55,144.1,326,10.96,86.61,10.45,1.64,121.53,2.15,1.74
2025-08-02 15:15:00,31.56,144.0,325,10.97,86.62,10.43,1.63,121.59,2.14,1.74
2025-08-02 15:20:00,31.57,143.9,324,10.98,86.63,10.42,1.63,121.64,2.14,1.74
2025-08-02 15:25:00,31.58,143.8,323,10.99,86.64,10.4,1.63,121.69,2.14,1.74
2025-08-02 15:30:00,31.59,143.7,322,11.0,86.65,10.39,1.63,121.74,2.14,1.74
2025-08-02 15:35:00,31.6,143.6,321,11.01,86.66,10.37,1.62,121.8,2.14,1.75
2025-08-02 15:40:00,31.61,143.5,320,11.02,86.67,10.36,1.62,121.85,2.14,1.75
2025-08-02 15:45:00,31.62,143.4,319,11.03,86.68,10.34,1.62,121.9,2.14,1.75
2025-08-02 15:50:00,31.63,143.3,318,11.04,86.69,10.33,1.62,121.95,2.14,1.75
2025-08-02 15:55:00,31.64,143.2,317,11.05,86.7,10.31,1.61,122.01,2.14,1.75
2025-08-02 16:00:00,31.65,143.1,316,11.06,86.71,10.3,1.61,122.06,2.14,1.75
2025-08-02 16:05:00,31.66,143.0,315,11.07,86.72,10.28,1.61,122.11,2.14,1.75
2025-08-02 16:10:00,31.67,142.9,314,11.08,86.73,10.27,1.61,122.16,2.14,1.75
2025-08-02 16:15:00,31.68,142.8,313,11.09,86.74,10.25,1.6,122.22,2.13,1.75
2025-08-02 16:20:00,31.69,142.7,312,11.1,86.75,10.24,1.6,122.27,2.13,1.75
2025-08-02 16:25:00,31.7,142.6,311,11.11,86.76,10.22,1.6,122.32,2.13,1.75
2025-08-02 16:30:00,31.71,142.5,310,11.12,86.77,10.21,1.6,122.37,2.13,1.75
2025-08-02 16:35:00,31.72,142.4,309,11.13,86.78,10.19,1.59,122.43,2.13,1.76
2025-08-02 16:40:00,31.73,142.3,308,11.14,86.79,10.18,1.59,122.48,2.13,1.76
2025-08-02 16:45:00,31.74,142.2,307,11.15,86.8,10.16,1.59,122.53,2.13,1.76
2025-08-02 16:50:00,31.75,142.1,306,11.16,86.81,10.15,1.59,122.58,2.13,1.76
2025-08-02 16:55:00,31.76,142.0,305,11.17,86.82,10.13,1.58,122.64,2.13,1.76
2025-08-02 17:00:00,31.77,141.9,304,11.18,86.83,10.12,1.58,122.69,2.13,1.76
2025-08-02 17:05:00,31.78,141.8,303,11.19,86.84,10.1,1.58,122.74,2.13,1.76
2025-08-02 17:10:00,31.79,141.7,302,11.2,86.85,10.09,1.58,122.79,2.13,1.76
2025-08-02 17:15:00,31.8,141.6,301,11.21,86.86,10.07,1.57,122.85,2.12,1.76
2025-08-02 17:20:00,31.81,141.5,300,11.22,86.87,10.06,1.57,122.9,2.12,1.76
2025-08-02 17:25:00,31.82,141.4,299,11.23,86.88,10.04,1.57,122.95,2.12,1.76
2025-08-02 17:30:00,31.83,141.3,298,11.24,86.89,10.03,1.57,123.0,2.12,1.76
2025-08-02 17:35:00,31.84,141.2,297,11.25,86.9,10.01,1.56,123.06,2.12,1.77
2025-08-02 17:40:00,31.85,141.1,296,11.26,86.91,10.0,1.56,123.11,2.12,1.77
2025-08-02 17:45:00,31.86,141.0,295,11.27,86.92,9.98,1.56,123.16,2.12,1.77
2025-08-02 17:50:00,31.87,140.9,294,11.28,86.93,9.97,1.56,123.21,2.12,1.77
2025-08-02 17:55:00,31.88,140.8,293,11.29,86.94,9.95,1.55,123.27,2.12,1.77
2025-08-02 18:00:00,31.89,140.7,292,11.3,86.95,9.94,1.55,123.32,2.12,1.77
2025-08-02 18:05:00,31.9,140.6,291,11.31,86.96,9.92,1.55,123.37,2.12,1.77
2025-08-02 18:10:00,31.91,140.5,290,11.32,86.97,9.91,1.55,123.42,2.12,1.77
2025-08-02 18:15:00,31.92,140.4,289,11.33,86.98,9.89,1.54,123.48,2.11,1.78
2025-08-02 18:20:00,31.93,140.3,288,11.34,86.99,9.88,1.54,123.53,2.11,1.78
2025-08-02 18:25:00,31.94,140.2,287,11.35,87.0,9.86,1.54,123.58,2.11,1.78
2025-08-02 18:30:00,31.95,140.1,286,11.36,87.01,9.85,1.54,123.63,2.11,1.78
2025-08-02 18:35:00,31.96,140.0,285,11.37,87.02,9.83,1.53,123.69,2.11,1.78
2025-08-02 18:40:00,31.97,139.9,284,11.38,87.03,9.82,1.53,123.74,2.11,1.78
2025-08-02 18:45:00,31.98,139.8,283,11.39,87.04,9.8,1.53,123.79,2.11,1.78
2025-08-02 18:50:00,31.99,139.7,282,11.4,87.05,9.79,1.53,123.84,2.11,1.78
2025-08-02 18:55:00,32.0,139.6,281,11.41,87.06,9.77,1.52,123.9,2.11,1.78
2025-08-02 19:00:00,32.0,139.6,281,11.41,87.07,9.76,1.52,123.95,2.11,1.78
2025-08-02 19:05:00,32.01,139.5,280,11.42,87.08,9.74,1.52,124.0,2.11,1.78
2025-08-02 19:10:00,32.02,139.4,279,11.43,87.09,9.73,1.52,124.05,2.11,1.78
2025-08-02 19:15:00,32.03,139.3,278,11.44,87.1,9.71,1.51,124.11,2.1,1.79
2025-08-02 19:20:00,32.04,139.2,277,11.45,87.11,9.7,1.51,124.16,2.1,1.79
2025-08-02 19:25:00,32.05,139.1,276,11.46,87.12,9.68,1.51,124.21,2.1,1.79
2025-08-02 19:30:00,32.06,139.0,275,11.47,87.13,9.67,1.51,124.26,2.1,1.79
2025-08-02 19:35:00,32.07,138.9,274,11.48,87.14,9.65,1.5,124.32,2.1,1.79
2025-08-02 19:40:00,32.08,138.8,273,11.49,87.15,9.64,1.5,124.37,2.1,1.79
2025-08-02 19:45:00,32.09,138.7,272,11.5,87.16,9.62,1.5,124.42,2.1,1.79
2025-08-02 19:50:00,32.1,138.6,271,11.51,87.17,9.61,1.5,124.47,2.1,1.79
2025-08-02 19:55:00,32.11,138.5,270,11.52,87.18,9.59,1.49,124.53,2.09,1.79
2025-08-02 20:00:00,32.12,138.4,269,11.53,87.19,9.58,1.49,124.58,2.09,1.79
2025-08-02 20:05:00,32.13,138.3,268,11.54,87.2,9.56,1.49,124.63,2.09,1.79
2025-08-02 20:10:00,32.14,138.2,267,11.55,87.21,9.55,1.49,124.68,2.09,1.79
2025-08-02 20:15:00,32.15,138.1,266,11.56,87.22,9.53,1.48,124.74,2.09,1.8
2025-08-02 20:20:00,32.16,138.0,265,11.57,87.23,9.52,1.48,124.79,2.09,1.8
2025-08-02 20:25:00,32.17,137.9,264,11.58,87.24,9.5,1.48,124.84,2.09,1.8
2025-08-02 20:30:00,32.18,137.8,263,11.59,87.25,9.49,1.48,124.89,2.09,1.8
2025-08-02 20:35:00,32.19,137.7,262,11.6,87.26,9.47,1.47,124.95,2.08,1.8
2025-08-02 20:40:00,32.2,137.6,261,11.61,87.27,9.46,1.47,125.0,2.08,1.8
2025-08-02 20:45:00,32.21,137.5,260,11.62,87.28,9.44,1.47,125.05,2.08,1.8
2025-08-02 20:50:00,32.22,137.4,259,11.63,87.29,9.43,1.47,125.1,2.08,1.8
2025-08-02 20:55:00,32.23,137.3,258,11.64,87.3,9.41,1.46,125.16,2.08,1.8
2025-08-02 21:00:00,32.24,137.2,257,11.65,87.31,9.4,1.46,125.21,2.08,1.8
2025-08-02 21:05:00,32.25,137.1,256,11.66,87.32,9.38,1.46,125.26,2.08,1.8
2025-08-02 21:10:00,32.26,137.0,255,11.67,87.33,9.37,1.46,125.31,2.08,1.8
2025-08-02 21:15:00,32.27,136.9,254,11.68,87.34,9.35,1.45,125.37,2.07,1.81
2025-08-02 21:20:00,32.28,136.8,253,11.69,87.35,9.34,1.45,125.42,2.07,1.81
2025-08-02 21:25:00,32.29,136.7,252,11.7,87.36,9.32,1.45,125.47,2.07,1.81
2025-08-02 21:30:00,32.3,136.6,251,11.71,87.37,9.31,1.45,125.52,2.07,1.81
2025-08-02 21:35:00,32.31,136.5,250,11.72,87.38,9.29,1.44,125.58,2.07,1.81
2025-08-02 21:40:00,32.32,136.4,249,11.73,87.39,9.28,1.44,125.63,2.07,1.81
2025-08-02 21:45:00,32.33,136.3,248,11.74,87.4,9.26,1.44,125.68,2.07,1.81
2025-08-02 21:50:00,32.34,136.2,247,11.75,87.41,9.25,1.44,125.73,2.07,1.81
2025-08-02 21:55:00,32.35,136.1,246,11.76,87.42,9.23,1.43,125.79,2.06,1.82
2025-08-02 22:00:00,32.36,136.0,245,11.77,87.43,9.22,1.43,125.84,2.06,1.82
2025-08-02 22:05:00,32.37,135.9,244,11.78,87.44,9.2,1.43,125.89,2.06,1.82
2025-08-02 22:10:00,32.38,135.8,243,11.79,87.45,9.19,1.43,125.94,2.06,1.82
2025-08-02 22:15:00,32.39,135.7,242,11.8,87.46,9.17,1.42,126.0,2.06,1.82
2025-08-02 22:20:00,32.4,135.6,241,11.81,87.47,9.16,1.42,126.05,2.06,1.82
2025-08-02 22:25:00,32.41,135.5,240,11.82,87.48,9.14,1.42,126.1,2.06,1.82
2025-08-02 22:30:00,32.42,135.4,239,11.83,87.49,9.13,1.42,126.15,2.06,1.82
2025-08-02 22:35:00,32.43,135.3,238,11.84,87.5,9.11,1.41,126.21,2.05,1.82
2025-08-02 22:40:00,32.44,135.2,237,11.85,87.51,9.1,1.41,126.26,2.05,1.82
2025-08-02 22:45:00,32.45,135.1,236,11.86,87.52,9.08,1.41,126.31,2.05,1.82
2025-08-02 22:50:00,32.46,135.0,235,11.87,87.53,9.07,1.41,126.36,2.05,1.82
2025-08-02 22:55:00,32.47,134.9,234,11.88,87.54,9.05,1.4,126.42,2.05,1.83
2025-08-02 23:00:00,32.48,134.8,233,11.89,87.55,9.04,1.4,126.47,2.05,1.83
2025-08-02 23:05:00,32.49,134.7,232,11.9,87.56,9.02,1.4,126.52,2.05,1.83
2025-08-02 23:10:00,32.5,134.6,231,11.91,87.57,9.01,1.4,126.57,2.05,1.83
2025-08-02 23:15:00,32.5,134.6,231,11.91,87.58,8.99,1.39,126.63,2.04,1.83
2025-08-02 23:20:00,32.51,134.5,230,11.92,87.59,8.98,1.39,126.68,2.04,1.83
2025-08-02 23:25:00,32.52,134.4,229,11.93,87.6,8.96,1.39,126.73,2.04,1.83
2025-08-02 23:30:00,32.53,134.3,228,11.94,87.61,8.95,1.39,126.78,2.04,1.83
2025-08-02 23:35:00,32.54,134.2,227,11.95,87.62,8.93,1.38,126.84,2.04,1.84
2025-08-02 23:40:00,32.55,134.1,226,11.96,87.63,8.92,1.38,126.89,2.04,1.84
2025-08-02 23:45:00,32.56,134.0,225,11.97,87.64,8.9,1.38,126.94,2.04,1.84
2025-08-02 23:50:00,32.57,133.9,224,11.98,87.65,8.89,1.38,126.99,2.04,1.84
2025-08-02 23:55:00,32.58,133.8,223,11.99,87.66,8.87,1.37,127.05,2.03,1.84
2025-08-03 00:00:00,32.59,133.7,222,12.0,87.67,8.86,1.37,127.1,2.03,1.84
2025-08-03 00:05:00,32.6,133.6,221,12.01,87.68,8.84,1.37,127.15,2.03,1.84
2025-08-03 00:10:00,32.61,133.5,220,12.02,87.69,8.83,1.37,127.2,2.03,1.84
2025-08-03 00:15:00,32.62,133.4,219,12.03,87.7,8.81,1.36,127.26,2.03,1.84
2025-08-03 00:20:00,32.63,133.3,218,12.04,87.71,8.8,1.36,127.31,2.03,1.84
2025-08-03 00:25:00,32.64,133.2,217,12.05,87.72,8.78,1.36,127.36,2.03,1.84
2025-08-03 00:30:00,32.65,133.1,216,12.06,87.73,8.77,1.36,127.41,2.03,1.84
2025-08-03 00:35:00,32.66,133.0,215,12.07,87.74,8.75,1.35,127.47,2.02,1.85
2025-08-03 00:40:00,32.67,132.9,214,12.08,87.75,8.74,1.35,127.52,2.02,1.85
2025-08-03 00:45:00,32.68,132.8,213,12.09,87.76,8.72,1.35,127.57,2.02,1.85
2025-08-03 00:50:00,32.69,132.7,212,12.1,87.77,8.71,1.35,127.62,2.02,1.85
2025-08-03 00:55:00,32.7,132.6,211,12.11,87.78,8.69,1.34,127.68,2.02,1.85
2025-08-03 01:00:00,32.7,132.6,211,12.11,87.79,8.68,1.34,127.73,2.02,1.85
2025-08-03 01:05:00,32.71,132.5,210,12.12,87.8,8.66,1.34,127.78,2.02,1.85
2025-08-03 01:10:00,32.72,132.4,209,12.13,87.81,8.65,1.34,127.83,2.02,1.85
2025-08-03 01:15:00,32.73,132.3,208,12.14,87.82,8.63,1.33,127.89,2.01,1.86
2025-08-03 01:20:00,32.74,132.2,207,12.15,87.83,8.62,1.33,127.94,2.01,1.86
2025-08-03 01:25:00,32.75,132.1,206,12.16,87.84,8.6,1.33,127.99,2.01,1.86
2025-08-03 01:30:00,32.76,132.0,205,12.17,87.85,8.59,1.33,128.04,2.01,1.86
2025-08-03 01:35:00,32.77,131.9,204,12.18,87.86,8.57,1.32,128.1,2.01,1.86
2025-08-03 01:40:00,32.78,131.8,203,12.19,87.87,8.56,1.32,128.15,2.01,1.86
2025-08-03 01:45:00,32.79,131.7,202,12.2,87.88,8.54,1.32,128.2,2.01,1.86
2025-08-03 01:50:00,32.8,131.6,201,12.21,87.89,8.53,1.32,128.25,2.01,1.86
2025-08-03 01:55:00,32.81,131.5,200,12.22,87.9,8.51,1.31,128.31,2.0,1.86
2025-08-03 02:00:00,32.82,131.4,199,12.23,87.91,8.5,1.31,128.36,2.0,1.86
2025-08-03 02:05:00,32.83,131.3,198,12.24,87.92,8.48,1.31,128.41,2.0,1.86
2025-08-03 02:10:00,32.84,131.2,197,12.25,87.93,8.47,1.31,128.46,2.0,1.86
2025-08-03 02:15:00,32.85,131.1,196,12.26,87.94,8.45,1.3,128.52,2.0,1.87
2025-08-03 02:20:00,32.86,131.0,195,12.27,87.95,8.44,1.3,128.57,2.0,1.87
2025-08-03 02:25:00,32.87,130.9,194,12.28,87.96,8.42,1.3,128.62,2.0,1.87
2025-08-03 02:30:00,32.88,130.8,193,12.29,87.97,8.41,1.3,128.67,2.0,1.87
2025-08-03 02:35:00,32.89,130.7,192,12.3,87.98,8.39,1.29,128.73,1.99,1.87
2025-08-03 02:40:00,32.9,130.6,191,12.31,87.99,8.38,1.29,128.78,1.99,1.87
2025-08-03 02:45:00,32.9,130.6,191,12.31,88.0,8.36,1.29,128.83,1.99,1.87
2025-08-03 02:50:00,32.91,130.5,190,12.32,88.01,8.35,1.29,128.88,1.99,1.87
2025-08-03 02:55:00,32.92,130.4,189,12.33,88.02,8.33,1.28,128.94,1.99,1.87
2025-08-03 03:00:00,32.93,130.3,188,12.34,88.03,8.32,1.28,128.99,1.99,1.87
2025-08-03 03:05:00,32.94,130.2,187,12.35,88.04,8.3,1.28,129.04,1.99,1.87
2025-08-03 03:10:00,32.95,130.1,186,12.36,88.05,8.29,1.28,129.09,1.99,1.87
2025-08-03 03:15:00,32.96,130.0,185,12.37,88.06,8.27,1.27,129.15,1.98,1.88
2025-08-03 03:20:00,32.97,129.9,184,12.38,88.07,8.26,1.27,129.2,1.98,1.88
2025-08-03 03:25:00,32.98,129.8,183,12.39,88.08,8.24,1.27,129.25,1.98,1.88
2025-08-03 03:30:00,32.99,129.7,182,12.4,88.09,8.23,1.27,129.3,1.98,1.88
2025-08-03 03:35:00,33.0,129.6,181,12.41,88.1,8.21,1.26,129.36,1.98,1.88
2025-08-03 03:40:00,33.0,129.6,181,12.41,88.11,8.2,1.26,129.41,1.98,1.88
2025-08-03 03:45:00,33.01,129.5,180,12.42,88.12,8.18,1.26,129.46,1.98,1.88
2025-08-03 03:50:00,33.02,129.4,179,12.43,88.13,8.17,1.26,129.51,1.98,1.88
2025-08-03 03:55:00,33.03,129.3,178,12.44,88.14,8.15,1.25,129.57,1.97,1.88
2025-08-03 04:00:00,33.04,129.2,177,12.45,88.15,8.14,1.25,129.62,1.97,1.88
2025-08-03 04:05:00,33.05,129.1,176,12.46,88.16,8.12,1.25,129.67,1.97,1.88
2025-08-03 04:10:00,33.06,129.0,175,12.47,88.17,8.11,1.25,129.72,1.97,1.88
2025-08-03 04:15:00,33.07,128.9,174,12.48,88.18,8.09,1.24,129.78,1.97,1.89
2025-08-03 04:20:00,33.08,128.8,173,12.49,88.19,8.08,1.24,129.83,1.97,1.89
2025-08-03 04:25:00,33.09,128.7,172,12.5,88.2,8.06,1.24,129.88,1.97,1.89
2025-08-03 04:30:00,33.1,128.6,171,12.51,88.21,8.05,1.24,129.93,1.97,1.89
2025-08-03 04:35:00,33.11,128.5,170,12.52,88.22,8.03,1.23,129.99,1.96,1.89
2025-08-03 04:40:00,33.12,128.4,169,12.53,88.23,8.02,1.23,130.04,1.96,1.89
2025-08-03 04:45:00,33.13,128.3,168,12.54,88.24,8.0,1.23,130.09,1.96,1.89
2025-08-03 04:50:00,33.14,128.2,167,12.55,88.25,7.99,1.23,130.14,1.96,1.89
2025-08-03 04:55:00,33.15,128.1,166,12.56,88.26,7.97,1.22,130.2,1.96,1.89
2025-08-03 05:00:00,33.16,128.0,165,12.57,88.27,7.96,1.22,130.25,1.96,1.89
2025-08-03 05:05:00,33.17,127.9,164,12.58,88.28,7.94,1.22,130.3,1.96,1.89
2025-08-03 05:10:00,33.18,127.8,163,12.59,88.29,7.93,1.22,130.35,1.96,1.89
2025-08-03 05:15:00,33.19,127.7,162,12.6,88.3,7.91,1.21,130.41,1.95,1.9
2025-08-03 05:20:00,33.2,127.6,161,12.61,88.31,7.9,1.21,130.46,1.95,1.9
2025-08-03 05:25:00,33.2,127.6,161,12.61,88.32,7.88,1.21,130.51,1.95,1.9
2025-08-03 05:30:00,33.21,127.5,160,12.62,88.33,7.87,1.21,130.56,1.95,1.9
2025-08-03 05:35:00,33.22,127.4,159,12.63,88.34,7.85,1.2,130.62,1.95,1.9
2025-08-03 05:40:00,33.23,127.3,158,12.64,88.35,7.84,1.2,130.67,1.95,1.9
2025-08-03 05:45:00,33.24,127.2,157,12.65,88.36,7.82,1.2,130.72,1.95,1.9
2025-08-03 05:50:00,33.25,127.1,156,12.66,88.37,7.81,1.2,130.77,1.95,1.9
2025-08-03 05:55:00,33.26,127.0,155,12.67,88.38,7.79,1.19,130.83,1.94,1.9
2025-08-03 06:00:00,33.27,126.9,154,12.68,88.39,7.78,1.19,130.88,1.94,1.9
2025-08-03 06:05:00,33.28,126.8,153,12.69,88.4,7.76,1.19,130.93,1.94,1.9
2025-08-03 06:10:00,33.29,126.7,152,12.7,88.41,7.75,1.19,130.98,1.94,1.9
2025-08-03 06:15:00,33.3,126.6,151,12.71,88.42,7.73,1.18,131.04,1.94,1.91
2025-08-03 06:20:00,33.31,126.5,150,12.72,88.43,7.72,1.18,131.09,1.94,1.91
2025-08-03 06:25:00,33.32,126.4,149,12.73,88.44,7.7,1.18,131.14,1.94,1.91
2025-08-03 06:30:00,33.33,126.3,148,12.74,88.45,7.69,1.18,131.19,1.94,1.91
2025-08-03 06:35:00,33.34,126.2,147,12.75,88.46,7.67,1.17,131.25,1.93,1.91
2025-08-03 06:40:00,33.35,126.1,146,12.76,88.47,7.66,1.17,131.3,1.93,1.91
2025-08-03 06:45:00,33.36,126.0,145,12.77,88.48,7.64,1.17,131.35,1.93,1.91
2025-08-03 06:50:00,33.37,125.9,144,12.78,88.49,7.63,1.17,131.4,1.93,1.91
2025-08-03 06:55:00,33.38,125.8,143,12.79,88.5,7.61,1.16,131.46,1.93,1.92
2025-08-03 07:00:00,33.39,125.7,142,12.8,88.51,7.6,1.16,131.51,1.93,1.92
2025-08-03 07:05:00,33.4,125.6,141,12.81,88.52,7.58,1.16,131.56,1.93,1.92
2025-08-03 07:10:00,33.41,125.5,140,12.82,88.53,7.57,1.16,131.61,1.93,1.92
2025-08-03 07:15:00,33.42,125.4,139,12.83,88.54,7.55,1.15,131.67,1.92,1.92
2025-08-03 07:20:00,33.43,125.3,138,12.84,88.55,7.54,1.15,131.72,1.92,1.92
2025-08-03 07:25:00,33.44,125.2,137,12.85,88.56,7.52,1.15,131.77,1.92,1.92
2025-08-03 07:30:00,33.45,125.1,136,12.86,88.57,7.51,1.15,131.82,1.92,1.92
2025-08-03 07:35:00,33.46,125.0,135,12.87,88.58,7.49,1.14,131.88,1.92,1.92
2025-08-03 07:40:00,33.47,124.9,134,12.88,88.59,7.48,1.14,131.93,1.92,1.92
2025-08-03 07:45:00,33.48,124.8,133,12.89,88.6,7.46,1.14,131.98,1.92,1.92
2025-08-03 07:50:00,33.49,124.7,132,12.9,88.61,7.45,1.14,132.03,1.92,1.92
2025-08-03 07:55:00,33.5,124.6,131,12.91,88.62,7.43,1.13,132.09,1.91,1.93
2025-08-03 08:00:00,33.5,124.6,131,12.91,88.63,7.42,1.13,132.14,1.91,1.93
2025-08-03 08:05:00,33.51,124.5,130,12.92,88.64,7.4,1.13,132.19,1.91,1.93
2025-08-03 08:10:00,33.52,124.4,129,12.93,88.65,7.39,1.13,132.24,1.91,1.93
2025-08-03 08:15:00,33.53,124.3,128,12.94,88.66,7.37,1.12,132.3,1.91,1.93
2025-08-03 08:20:00,33.54,124.2,127,12.95,88.67,7.36,1.12,132.35,1.91,1.93
2025-08-03 08:25:00,33.55,124.1,126,12.96,88.68,7.34,1.12,132.4,1.91,1.93
2025-08-03 08:30:00,33.56,124.0,125,12.97,88.69,7.33,1.12,132.45,1.91,1.93
2025-08-03 08:35:00,33.57,123.9,124,12.98,88.7,7.31,1.11,132.51,1.9,1.93
2025-08-03 08:40:00,33.58,123.8,123,12.99,88.71,7.3,1.11,132.56,1.9,1.93
2025-08-03 08:45:00,33.59,123.7,122,13.0,88.72,7.28,1.11,132.61,1.9,1.93
2025-08-03 08:50:00,33.6,123.6,121,13.01,88.73,7.27,1.11,132.66,1.9,1.93
2025-08-03 08:55:00,33.61,123.5,120,13.02,88.74,7.25,1.1,132.72,1.9,1.94
2025-08-03 09:00:00,33.62,123.4,119,13.03,88.75,7.24,1.1,132.77,1.9,1.94
2025-08-03 09:05:00,33.63,123.3,118,13.04,88.76,7.22,1.1,132.82,1.9,1.94
2025-08-03 09:10:00,33.64,123.2,117,13.05,88.77,7.21,1.1,132.87,1.9,1.94
2025-08-03 09:15:00,33.65,123.1,116,13.06,88.78,7.19,1.09,132.93,1.89,1.94
2025-08-03 09:20:00,33.66,123.0,115,13.07,88.79,7.18,1.09,132.98,1.89,1.94
2025-08-03 09:25:00,33.67,122.9,114,13.08,88.8,7.16,1.09,133.03,1.89,1.94
2025-08-03 09:30:00,33.68,122.8,113,13.09,88.81,7.15,1.09,133.08,1.89,1.94
2025-08-03 09:35:00,33.69,122.7,112,13.1,88.82,7.13,1.08,133.14,1.89,1.94
2025-08-03 09:40:00,33.7,122.6,111,13.11,88.83,7.12,1.08,133.19,1.89,1.94
2025-08-03 09:45:00,33.7,122.6,111,13.11,88.84,7.1,1.08,133.24,1.89,1.94
2025-08-03 09:50:00,33.71,122.5,110,13.12,88.85,7.09,1.08,133.29,1.89,1.94
2025-08-03 09:55:00,33.72,122.4,109,13.13,88.86,7.07,1.07,133.35,1.88,1.95
2025-08-03 10:00:00,33.73,122.3,108,13.14,88.87,7.06,1.07,133.4,1.88,1.95
2025-08-03 10:05:00,33.74,122.2,107,13.15,88.88,7.04,1.07,133.45,1.88,1.95
2025-08-03 10:10:00,33.75,122.1,106,13.16,88.89,7.03,1.07,133.5,1.88,1.95
2025-08-03 10:15:00,33.76,122.0,105,13.17,88.9,7.01,1.06,133.56,1.88,1.95
2025-08-03 10:20:00,33.77,121.9,104,13.18,88.91,7.0,1.06,133.61,1.88,1.95
2025-08-03 10:25:00,33.78,121.8,103,13.19,88.92,6.98,1.06,133.66,1.88,1.95
2025-08-03 10:30:00,33.79,121.7,102,13.2,88.93,6.97,1.06,133.71,1.88,1.95
2025-08-03 10:35:00,33.8,121.6,101,13.21,88.94,6.95,1.05,133.77,1.87,1.95
2025-08-03 10:40:00,33.81,121.5,100,13.22,88.95,6.94,1.05,133.82,1.87,1.95
2025-08-03 10:45:00,33.82,121.4,99,13.23,88.96,6.92,1.05,133.87,1.87,1.95
2025-08-03 10:50:00,33.83,121.3,98,13.24,88.97,6.91,1.05,133.92,1.87,1.95
2025-08-03 10:55:00,33.84,121.2,97,13.25,88.98,6.89,1.04,133.98,1.87,1.96
2025-08-03 11:00:00,33.85,121.1,96,13.26,88.99,6.88,1.04,134.03,1.87,1.96
2025-08-03 11:05:00,33.86,121.0,95,13.27,89.0,6.86,1.04,134.08,1.87,1.96
2025-08-03 11:10:00,33.87,120.9,94,13.28,89.01,6.85,1.04,134.13,1.87,1.96
2025-08-03 11:15:00,33.88,120.8,93,13.29,89.02,6.83,1.03,134.19,1.86,1.96
2025-08-03 11:20:00,33.89,120.7,92,13.3,89.03,6.82,1.03,134.24,1.86,1.96
2025-08-03 11:25:00,33.9,120.6,91,13.31,89.04,6.8,1.03,134.29,1.86,1.96
2025-08-03 11:30:00,33.91,120.5,90,13.32,89.05,6.79,1.03,134.34,1.86,1.96
2025-08-03 11:35:00,33.92,120.4,89,13.33,89.06,6.77,1.02,134.4,1.86,1.97
2025-08-03 11:40:00,33.93,120.3,88,13.34,89.07,6.76,1.02,134.45,1.86,1.97
2025-08-03 11:45:00,33.94,120.2,87,13.35,89.08,6.74,1.02,134.5,1.86,1.97
2025-08-03 11:50:00,33.95,120.1,86,13.36,89.09,6.73,1.02,134.55,1.86,1.97
2025-08-03 11:55:00,33.96,120.0,85,13.37,89.1,6.71,1.01,134.61,1.85,1.97
2025-08-03 12:00:00,33.97,119.9,84,13.38,89.11,6.7,1.01,134.66,1.85,1.97
2025-08-03 12:05:00,33.98,119.8,83,13.39,89.12,6.68,1.01,134.71,1.85,1.97
2025-08-03 12:10:00,33.99,119.7,82,13.4,89.13,6.67,1.01,134.76,1.85,1.97
2025-08-03 12:15:00,34.0,119.6,81,13.41,89.14,6.65,1.0,134.82,1.85,1.97
2025-08-03 12:20:00,34.0,119.6,81,13.41,89.15,6.64,1.0,134.87,1.85,1.97
2025-08-03 12:25:00,34.01,119.5,80,13.42,89.16,6.62,1.0,134.92,1.85,1.97
2025-08-03 12:30:00,34.02,119.4,79,13.43,89.17,6.61,1.0,134.97,1.85,1.97
2025-08-03 12:35:00,34.03,119.3,78,13.44,89.18,6.59,0.99,135.03,1.84,1.98
2025-08-03 12:40:00,34.04,119.2,77,13.45,89.19,6.58,0.99,135.08,1.84,1.98
2025-08-03 12:45:00,34.05,119.1,76,13.46,89.2,6.56,0.99,135.13,1.84,1.98
2025-08-03 12:50:00,34.06,119.0,75,13.47,89.21,6.55,0.99,135.18,1.84,1.98
2025-08-03 12:55:00,34.07,118.9,74,13.48,89.22,6.53,0.98,135.24,1.84,1.98
2025-08-03 13:00:00,34.08,118.8,73,13.49,89.23,6.52,0.98,135.29,1.84,1.98
2025-08-03 13:05:00,34.09,118.7,72,13.5,89.24,6.5,0.98,135.34,1.84,1.98
2025-08-03 13:10:00,34.1,118.6,71,13.51,89.25,6.49,0.98,135.39,1.84,1.98
2025-08-03 13:15:00,34.11,118.5,70,13.52,89.26,6.47,0.97,135.45,1.83,1.98
2025-08-03 13:20:00,34.12,118.4,69,13.53,89.27,6.46,0.97,135.5,1.83,1.98
2025-08-03 13:25:00,34.13,118.3,68,13.54,89.28,6.44,0.97,135.55,1.83,1.98
2025-08-03 13:30:00,34.14,118.2,67,13.55,89.29,6.43,0.97,135.6,1.83,1.98
2025-08-03 13:35:00,34.15,118.1,66,13.56,89.3,6.41,0.96,135.66,1.83,1.99
2025-08-03 13:40:00,34.16,118.0,65,13.57,89.31,6.4,0.96,135.71,1.83,1.99
2025-08-03 13:45:00,34.17,117.9,64,13.58,89.32,6.38,0.96,135.76,1.83,1.99
2025-08-03 13:50:00,34.18,117.8,63,13.59,89.33,6.37,0.96,135.81,1.83,1.99
2025-08-03 13:55:00,34.19,117.7,62,13.6,89.34,6.35,0.95,135.87,1.82,1.99
2025-08-03 14:00:00,34.2,117.6,61,13.61,89.35,6.34,0.95,135.92,1.82,1.99
2025-08-03 14:05:00,34.2,117.6,61,13.61,89.36,6.32,0.95,135.97,1.82,1.99
2025-08-03 14:10:00,34.21,117.5,60,13.62,89.37,6.31,0.95,136.02,1.82,1.99
2025-08-03 14:15:00,34.22,117.4,59,13.63,89.38,6.29,0.94,136.08,1.82,1.99
2025-08-03 14:20:00,34.23,117.3,58,13.64,89.39,6.28,0.94,136.13,1.82,1.99
2025-08-03 14:25:00,34.24,117.2,57,13.65,89.4,6.26,0.94,136.18,1.82,1.99
2025-08-03 14:30:00,34.25,117.1,56,13.66,89.41,6.25,0.94,136.23,1.82,1.99
2025-08-03 14:35:00,34.26,117.0,55,13.67,89.42,6.23,0.93,136.29,1.81,2.0
2025-08-03 14:40:00,34.27,116.9,54,13.68,89.43,6.22,0.93,136.34,1.81,2.0
2025-08-03 14:45:00,34.28,116.8,53,13.69,89.44,6.2,0.93,136.39,1.81,2.0
2025-08-03 14:50:00,34.29,116.7,52,13.7,89.45,6.19,0.93,136.44,1.81,2.0
2025-08-03 14:55:00,34.3,116.6,51,13.71,89.46,6.17,0.92,136.5,1.81,2.0
2025-08-03 15:00:00,34.31,116.5,50,13.72,89.47,6.16,0.92,136.55,1.81,2.0
2025-08-03 15:05:00,34.32,116.4,49,13.73,89.48,6.14,0.92,136.6,1.81,2.0
2025-08-03 15:10:00,34.33,116.3,48,13.74,89.49,6.13,0.92,136.65,1.81,2.0
2025-08-03 15:15:00,34.34,116.2,47,13.75,89.5,6.11,0.91,136.71,1.8,2.0
2025-08-03 15:20:00,34.35,116.1,46,13.76,89.51,6.1,0.91,136.76,1.8,2.0
2025-08-03 15:25:00,34.36,116.0,45,13.77,89.52,6.08,0.91,136.81,1.8,2.0
2025-08-03 15:30:00,34.37,115.9,44,13.78,89.53,6.07,0.91,136.86,1.8,2.0
2025-08-03 15:35:00,34.38,115.8,43,13.79,89.54,6.05,0.9,136.92,1.8,2.01
2025-08-03 15:40:00,34.39,115.7,42,13.8,89.55,6.04,0.9,136.97,1.8,2.01
2025-08-03 15:45:00,34.4,115.6,41,13.81,89.56,6.02,0.9,137.02,1.8,2.01
2025-08-03 15:50:00,34.41,115.5,40,13.82,89.57,6.01,0.9,137.07,1.8,2.01
2025-08-03 15:55:00,34.42,115.4,39,13.83,89.58,5.99,0.89,137.13,1.79,2.01
2025-08-03 16:00:00,34.43,115.3,38,13.84,89.59,5.98,0.89,137.18,1.79,2.01
2025-08-03 16:05:00,34.44,115.2,37,13.85,89.6,5.96,0.89,137.23,1.79,2.01
2025-08-03 16:10:00,34.45,115.1,36,13.86,89.61,5.95,0.89,137.28,1.79,2.01
2025-08-03 16:15:00,34.46,115.0,35,13.87,89.62,5.93,0.88,137.34,1.78,2.02
2025-08-03 16:20:00,34.47,114.9,34,13.88,89.63,5.92,0.88,137.39,1.78,2.02
2025-08-03 16:25:00,34.48,114.8,33,13.89,89.64,5.9,0.88,137.44,1.78,2.02
2025-08-03 16:30:00,34.49,114.7,32,13.9,89.65,5.89,0.88,137.49,1.78,2.02
2025-08-03 16:35:00,34.5,114.6,31,13.91,89.66,5.87,0.87,137.55,1.78,2.02
2025-08-03 16:40:00,34.5,114.6,31,13.91,89.67,5.86,0.87,137.6,1.78,2.02
2025-08-03 16:45:00,34.51,114.5,30,13.92,89.68,5.84,0.87,137.65,1.78,2.02
2025-08-03 16:50:00,34.52,114.4,29,13.93,89.69,5.83,0.87,137.7,1.78,2.02
2025-08-03 16:55:00,34.53,114.3,28,13.94,89.7,5.81,0.86,137.76,1.77,2.02
2025-08-03 17:00:00,34.54,114.2,27,13.95,89.71,5.8,0.86,137.81,1.77,2.02
2025-08-03 17:05:00,34.55,114.1,26,13.96,89.72,5.78,0.86,137.86,1.77,2.02
2025-08-03 17:10:00,34.56,114.0,25,13.97,89.73,5.77,0.86,137.91,1.77,2.02
2025-08-03 17:15:00,34.57,113.9,24,13.98,89.74,5.75,0.85,137.97,1.77,2.03
2025-08-03 17:20:00,34.58,113.8,23,13.99,89.75,5.74,0.85,138.02,1.77,2.03
2025-08-03 17:25:00,34.59,113.7,22,14.0,89.76,5.72,0.85,138.07,1.77,2.03
2025-08-03 17:30:00,34.6,113.6,21,14.01,89.77,5.71,0.85,138.12,1.77,2.03
2025-08-03 17:35:00,34.61,113.5,20,14.02,89.78,5.69,0.84,138.18,1.76,2.03
2025-08-03 17:40:00,34.62,113.4,19,14.03,89.79,5.68,0.84,138.23,1.76,2.03
2025-08-03 17:45:00,34.63,113.3,18,14.04,89.8,5.66,0.84,138.28,1.76,2.03
2025-08-03 17:50:00,34.64,113.2,17,14.05,89.81,5.65,0.84,138.33,1.76,2.03
2025-08-03 17:55:00,34.65,113.1,16,14.06,89.82,5.63,0.83,138.39,1.76,2.04
2025-08-03 18:00:00,34.66,113.0,15,14.07,89.83,5.62,0.83,138.44,1.76,2.04
2025-08-03 18:05:00,34.67,112.9,14,14.08,89.84,5.6,0.83,138.49,1.76,2.04
2025-08-03 18:10:00,34.68,112.8,13,14.09,89.85,5.59,0.83,138.54,1.76,2.04
2025-08-03 18:15:00,34.69,112.7,12,14.1,89.86,5.57,0.82,138.6,1.75,2.04
2025-08-03 18:20:00,34.7,112.6,11,14.11,89.87,5.56,0.82,138.65,1.75,2.04
2025-08-03 18:25:00,34.7,112.6,11,14.11,89.88,5.54,0.82,138.7,1.75,2.04
2025-08-03 18:30:00,34.71,112.5,10,14.12,89.89,5.53,0.82,138.75,1.75,2.04
2025-08-03 18:35:00,34.72,112.4,9,14.13,89.9,5.51,0.81,138.81,1.75,2.04
2025-08-03 18:40:00,34.73,112.3,8,14.14,89.91,5.5,0.81,138.86,1.75,2.04
2025-08-03 18:45:00,34.74,112.2,7,14.15,89.92,5.48,0.81,138.91,1.75,2.04
2025-08-03 18:50:00,34.75,112.1,6,14.16,89.93,5.47,0.81,138.96,1.75,2.04
2025-08-03 18:55:00,34.76,112.0,5,14.17,89.94,5.45,0.8,139.02,1.74,2.05
2025-08-03 19:00:00,34.77,111.9,4,14.18,89.95,5.44,0.8,139.07,1.74,2.05
2025-08-03 19:05:00,34.78,111.8,3,14.19,89.96,5.42,0.8,139.12,1.74,2.05
2025-08-03 19:10:00,34.79,111.7,2,14.2,89.97,5.41,0.8,139.17,1.74,2.05
2025-08-03 19:15:00,34.8,111.6,1,14.21,89.98,5.39,0.79,139.23,1.74,2.05
2025-08-03 19:20:00,34.81,111.5,0,14.22,89.99,5.38,0.79,139.28,1.74,2.05
2025-08-03 19:25:00,34.82,111.4,-1,14.23,90.0,5.36,0.79,139.33,1.74,2.05
2025-08-03 19:30:00,34.83,111.3,-2,14.24,90.01,5.35,0.79,139.38,1.74,2.05
2025-08-03 19:35:00,34.84,111.2,-3,14.25,90.02,5.33,0.78,139.44,1.73,2.06
2025-08-03 19:40:00,34.85,111.1,-4,14.26,90.03,5.32,0.78,139.49,1.73,2.06
2025-08-03 19:45:00,34.86,111.0,-5,14.27,90.04,5.3,0.78,139.54,1.73,2.06
2025-0